Date,Hashtag,Posts,Avg Engagement
2024-03-01,#WellnessWave,3091,264
2024-03-02,#GoGreen,3585,598
2024-03-03,#TechLife,5067,586
2024-03-04,#GoGreen,9782,1372
2024-03-05,#FoodieFun,3492,147
2024-03-06,#GoGreen,6589,948
2024-03-07,#TechLife,4842,454
2024-03-08,#TechLife,7339,167
2024-03-09,#TechLife,3398,512
2024-03-10,#WellnessWave,8152,1286
2024-03-11,#FoodieFun,112,1401
2024-03-12,#FoodieFun,2230,1203
2024-03-13,#WellnessWave,9325,357
2024-03-14,#WellnessWave,9130,211
2024-03-15,#WellnessWave,2029,1011
2024-03-16,#GoGreen,8009,992
2024-03-17,#WellnessWave,8391,491
2024-03-18,#WellnessWave,9526,139
2024-03-19,#WellnessWave,7843,93
2024-03-20,#WellnessWave,5303,1449
2024-03-21,#WellnessWave,6177,1353
2024-03-22,#GoGreen,2362,1496
2024-03-23,#FoodieFun,6484,1324
2024-03-24,#GoGreen,1452,771
2024-03-25,#TechLife,3039,218
2024-03-26,#WellnessWave,6180,204
2024-03-27,#TechLife,4012,655
2024-03-28,#FoodieFun,2411,625
2024-03-29,#FoodieFun,3763,939
2024-03-30,#GoGreen,9460,560
